FirstName,LastName,Email
Steve,Curio,curious@example.com
Laura,Black,black@example.com
Wilhelm,Blake,wblake@example.com
Winter,Drake,dragon2@example.com
Sal,Sands,sandssquared@example.com
Julia,Wilds,jwilds@example.com
Juniper,Birsch,woodsy@example.com
Valerie,Duncan,vduncan@example.com
Patti,Patel,ppatel@example.com
Justin,Short,jshort@example.com
John,Downes,bungie@example.com
Xavier,Birch,xjb@example.com
Basil,Wenceslas,hansa@example.com
Alice,Black,blackalice@example.com
John,Dodge,jdodge@example.com
Sarah,Smith,ssnith@example.com
George,Dapper,gdapper@example.com
Jack,Dodge,jdodge2@example.com
Jessica,Jones,jjones@example.com
Dragon,Davich,dragonr@example.com
Janice,Bergman,jbergman@example.com
Kyle,Pearson,kpearson@example.com
Jean-Michel,Lambert,jlambert@example.com
Robert,Fontana,rfontana@example.com
Julie,Dillon,jdillon@example.com
Bill,Martin,bmartin@example.com
Billy,Mack,bmack@example.com
Ed,Hennessy,ehennessy@example.com
Erin,Walsh,ewalsh@example.com
Sean,Forbes,sforbes@example.com
Allison,Yates,ayates@example.com
Tammy,Reseller,treseller@example.com
Michael,Basch,mbasch@example.com
Thomas,Simes,tsimes@example.com
Stephanie,Curran,scurran@example.com
Stella,Pavlova,spavlova@example.com
Mark,Dillon,mdillon@example.com
Susan,Johanson,sjohanson@example.com
Jeff,Kane,jkane@example.com
Paul,Partner,ppartner@example.com
Al,Miller,amiller@example.com
Keith,Lopez,klopez@example.com
Larry,Kuchenreuther,lkuchenreuther@example.com
Mark,Metz,mmetz@example.com
Steve,Mcdonald,smcdonald@example.com
Sandy,Knudson,sknudson@example.com
Ron,Adkins,radkins@example.com
David,Harris,dharris@example.com
Gabriel,Silva,rlloyd@example.com
Sean,Murphy,smurphy@example.com
Sienna,Competente,scompetente@example.com
Leo,Novak,lnovak@example.com
Brad,Owens,bowens@example.com
Lauren,Boyle,lboyle@example.com
Bob,Hodges,bhodges@example.com
Duncan,Macintosh,dmacintosh@example.com
Daryl,Distributor,ddistributor@example.com
David,Adelson,dadelson@example.com
Mark,Smith,msmith@example.com
Mike,Garcia,mgarcia@example.com
Deanna,Collins,dcollins@example.com
Andy,Peterson,apeterson@example.com
Anne,Frost,afrost@example.com
Stacy,McNeil,smcneil@example.com
Robert,Simpson,rsimpson@example.com
Gabe,Hotkins,ghotkins@example.com
Lance,Gonzales,lgonzales@example.com
Steve,Sutherland,ssutherland@example.com
Heath,Axworth,haxworth@example.com
Mina,Passini,mpassini@example.com
Karen,Wells,kwells@example.com
Mike,Welch,mwelch@example.com
Wes,Hardin,whardin@example.com
May,Chan,mchan@example.com
Sarah,Phillips,sphillips@example.com
Marc,Benioff,mbenioff@example.com
Emilee,Kendra,ekendra@example.com
Brad,Anastasio,banastasio@example.com
Antony,Passemard,apassemard@example.com
Chris,Post,cpost@example.com
Wes,Chopra,wchopra@example.com
Greg,Walker,gwalker@example.com
Mary,McDaniel,mmcdaniel@example.com
Doug,Hart,dhart@example.com
Jason,Brennaman,jason.brennaman@example.com
Nicole,Grace,ngrace@example.com
Benjamin,Young,byoung@example.com
Bob,Warkentine,bwarkentine@example.com
Robert,Janzen,rjanzen@example.com
Chip,Colli,ccolli@example.com
Niki,Sullivan,nsullivan@example.com
Jon,Allegri,jallegri@example.com
Kari,Rende,krende@example.com
Mike,Malmin,mmalmin@example.com
Troy,Bullock,tbullock@example.com
Hamid,Basirat,hbasirat@example.com
Bree,Reitz,breitz@example.com
Hollie,Everhart,heverhart@example.com
Marci,Viviano,mviviano@example.com
Lloyd,Archibald,larchibald@example.com
Shay,Dulaney,sdulaney@example.com
David,Homme,dhomme@example.com
Cristin,Hwang,chwang@example.com
Laura,Rossi,rmorris@example.com
Adam,Mercer,amercer@example.com
Joyce,Turner,jturner@example.com
Steve,Ideas,sideas@example.com
Sean,Silver,ssilver@example.com
Barry,Brown,bbrown@example.com
Sandy,Jones,sjones@example.com
Bradley,Harmon,bharmon@example.com
Bruce,Watkins,bwatkins@example.com
Bonnie,Barra,bbarra@example.com
Jamie,Green,jgreen@example.com
Jan,Perkins,jperkins@example.com
Ryan,Giggs,rgiggs@example.com
Andrea,Bowden,abowden@example.com
Sarah,Jeffries,sjeffries@example.com
Chris,Templey,ctempley@example.com
Kathy,Fitzpatrick,kfitzpatrick@example.com
Derek,Rose,drose@example.com
Lisa,Jones,ljones@example.com
Jeff,Blay,jblay@example.com
Ron,Reid,rreid@example.com
Bill,Blau,bblau@example.com
Judy,Odom,jodom@example.com
Tammy,Baxter,tbaxter@example.com
Peter,Houston,phouston@example.com
Larry,Baxter,lbaxter@example.com
Tom,Davis,tdavis@example.com
Rose,Gonzalez,rgonzalez@example.com
Alex,Johnson,ajohnson@example.com
Tom,James,tjames@example.com
Ed,Flachbarth,eflachbarth@example.com
James,Wu,jwu@example.com
Mark,Kingston,mkingston@example.com
Martin,Woodson,wmartin@example.com
Jeannie,Rogers,jrogers@example.com
Arthur,Song,asong@example.com
Patricia,Feager,pfeager@example.com
George,Mazzotta,gmazzotta@example.com
Danielle,Hauck,dhauck@example.com
Martin,Green,mgreen@example.com
Thomas,Green,tgreen@example.com
Brenda,Mcclure,bmcclure@example.com
Joseph,Gillespie,jgillespie@example.com
Richard,O'Brien,robrien@example.com
Chris,Friedman,cfriedman@example.com
Bjorn,Lundgren,bolson@example.com
Peter,Foss,pfoss@example.com
